MS0001|VeKa|21|Male|veka@mail.com
MS0002|Gurubaran|20|Male|gurubaran@mail.com
MS0003|Clement|21|Male|clement@mail.com
MS0004|Inaan|19|Male|inaan@mail.com
MS0005|Jason|30|Male|jason@mail.com
MS0006|Ronan|20|Male|ronan@mail.com
MS0007|Teoh|31|Female|teoh@mail.com
